CONSOMMABLES,EPI,HELIOS DICA SL,"16955,02"
CONSOMMABLES,MAT PREMIÈRE MÉCANIQUE,GANTOIS,2060
EMBALLAGES,ASSISTANCE TECHNIQUE,GEOTECHNIQUE RHONE ALPES SAS,31240
EMBALLAGES,CONTRÔLES ET RÉGLEMENTATION,CDV CONCEPT,5225
EQUIPEMENTS,ELECTRICITÉ,BALOGH,"4939,42"
EQUIPEMENTS,INSTRUMENTATION,BLET SA,"828,1"
EQUIPEMENTS,INSTRUMENTATION,PROMAT SECURITE,"4182,11"
EQUIPEMENTS,INSTRUMENTATION,SETNAG,785
ETUDES,ASSISTANCE TECHNIQUE,"2C,2I",3687
ETUDES,ASSISTANCE TECHNIQUE,ABYLSEN ST/RA,"221069,99"
ETUDES,ASSISTANCE TECHNIQUE,ALPHA MAINTENANCE,31570
ETUDES,ASSISTANCE TECHNIQUE,"ATELIER B,A,T,","255047,6"
ETUDES,ASSISTANCE TECHNIQUE,ATS PREVENTION,"64847,81"
ETUDES,ASSISTANCE TECHNIQUE,B2 INGENIERIE,"10683,9"
ETUDES,ASSISTANCE TECHNIQUE,BEDS,12500
ETUDES,ASSISTANCE TECHNIQUE,BESI,"80301,6"
ETUDES,ASSISTANCE TECHNIQUE,"BOUESNARD F, ARCHITECTE","21008,47"
ETUDES,ASSISTANCE TECHNIQUE,BOUTEFEU INGENIERIA SL,"23640,43"
ETUDES,ASSISTANCE TECHNIQUE,BSI PM ENGINEERING SAS,"1089,5"
ETUDES,ASSISTANCE TECHNIQUE,CONSULTING INDUSTRIAL SYSTEM,"11951,5"
ETUDES,ASSISTANCE TECHNIQUE,CREAT SARL,"280203,05"
ETUDES,ASSISTANCE TECHNIQUE,DEKRA CONSEIL HSE,"36750,5"
ETUDES,ASSISTANCE TECHNIQUE,DIDIER PIERRON,5200
ETUDES,ASSISTANCE TECHNIQUE,ERAS E2I,80155
ETUDES,ASSISTANCE TECHNIQUE,GEA PROCESS ENGINEERING SPA,"432770,53"
ETUDES,ASSISTANCE TECHNIQUE,GEO CONSEIL,3790
ETUDES,ASSISTANCE TECHNIQUE,HONEYWELL,"19428,8"
ETUDES,ASSISTANCE TECHNIQUE,IFOTEC,"96565,17"
ETUDES,ASSISTANCE TECHNIQUE,IM PROJET,108680
ETUDES,ASSISTANCE TECHNIQUE,INAUV,19000
ETUDES,ASSISTANCE TECHNIQUE,"INERCO INGENIERIA, TECN,Y CONSULTOR",8200
ETUDES,ASSISTANCE TECHNIQUE,IREPOLIA,16300
ETUDES,ASSISTANCE TECHNIQUE,ITC INGENIERIE TECHNIQUE,44370
ETUDES,ASSISTANCE TECHNIQUE,ODZ   CONSULTANTS,"10188,5"
ETUDES,ASSISTANCE TECHNIQUE,OREM ASTRE,"245870,32"
ETUDES,ASSISTANCE TECHNIQUE,PRO ETUD,75570
ETUDES,ASSISTANCE TECHNIQUE,PROGREDI,"129714,03"
ETUDES,ASSISTANCE TECHNIQUE,SELARL BOURGUIGNON-CELLIER-LACOUR-,2705
ETUDES,ASSISTANCE TECHNIQUE,SETP,2522
ETUDES,ASSISTANCE TECHNIQUE,SOFRESID ENGINEERING SA,1000
ETUDES,ASSISTANCE TECHNIQUE,SPEC SA,"10104,75"
ETUDES,CONTRÔLES ET RÉGLEMENTATION,APAVE SUD EUROPE,"25765,42"
ETUDES,CONTRÔLES ET RÉGLEMENTATION,APAVE SUDEUROPE,"123566,38"
ETUDES,CONTRÔLES ET RÉGLEMENTATION,APPLUS RTD FRANCE,2100
ETUDES,CONTRÔLES ET RÉGLEMENTATION,"ATISAE-ASISTENCIA TECNICA IND,SAE","14514,7"
ETUDES,CONTRÔLES ET RÉGLEMENTATION,"B,  C,  S,",605
ETUDES,CONTRÔLES ET RÉGLEMENTATION,BALANZAS Y SISTEMAS BIZERBA SA,2899
ETUDES,CONTRÔLES ET RÉGLEMENTATION,"BUENAVENTURA GINER S,A,",2855
ETUDES,CONTRÔLES ET RÉGLEMENTATION,BUREAU VERITAS,"161746,43"
ETUDES,CONTRÔLES ET RÉGLEMENTATION,CENTRE PESAGE,"44867,24"
ETUDES,CONTRÔLES ET RÉGLEMENTATION,COREXCO,1480
ETUDES,CONTRÔLES ET RÉGLEMENTATION,DB VIB CONSULTING,"9319,5"
ETUDES,CONTRÔLES ET RÉGLEMENTATION,DNV - DET NORSKE VERITAS FRANCE,3804
ETUDES,CONTRÔLES ET RÉGLEMENTATION,EPONA,"33125,4"
ETUDES,CONTRÔLES ET RÉGLEMENTATION,GEOPAL,3610
ETUDES,CONTRÔLES ET RÉGLEMENTATION,GESTION DE RECURSOS INTERNOS SL,84907
ETUDES,CONTRÔLES ET RÉGLEMENTATION,INGENIERIA DE GESTION INDUSTRIAL SL,2490
ETUDES,CONTRÔLES ET RÉGLEMENTATION,ISAP,"16510,8"
ETUDES,CONTRÔLES ET RÉGLEMENTATION,MAPE,2799
ETUDES,CONTRÔLES ET RÉGLEMENTATION,"MARLIER  S,A,",1590
ETUDES,CONTRÔLES ET RÉGLEMENTATION,MESURE ET SERVICES,3930
ETUDES,CONTRÔLES ET RÉGLEMENTATION,METTLER TOLEDO SA,"37402,87"
ETUDES,CONTRÔLES ET RÉGLEMENTATION,MISTRAS GROUP,1300
ETUDES,CONTRÔLES ET RÉGLEMENTATION,NOVON FRANCE,"780,7"
ETUDES,CONTRÔLES ET RÉGLEMENTATION,NOVOTEC CONSULTORES SA,1860
ETUDES,CONTRÔLES ET RÉGLEMENTATION,QUALICONSULT SECURITE,36393
ETUDES,CONTRÔLES ET RÉGLEMENTATION,SALA MANTENIMIENTOS SLU,500
ETUDES,CONTRÔLES ET RÉGLEMENTATION,SGS QUALITEST,"9338,5"
ETUDES,CONTRÔLES ET RÉGLEMENTATION,SUB C MARINE,3130
ETUDES,CONTRÔLES ET RÉGLEMENTATION,SYSTHERM,1840
ETUDES,CONTRÔLES ET RÉGLEMENTATION,"TECNICAS PREDICT,INSTRUMENTACION SL","21408,6"
ETUDES,CONTRÔLES ET RÉGLEMENTATION,TRACERCO EUROPE,21905
ETUDES,ETUDES GÉNÉRALES,ARTELIA VILLE ET TRANSPORT,22500
ETUDES,ETUDES GÉNÉRALES,ATECAL,4970
ETUDES,ETUDES GÉNÉRALES,AUVERTECH,"9613,17"
ETUDES,ETUDES GÉNÉRALES,BEG INGENIERIE,"265725,47"
ETUDES,ETUDES GÉNÉRALES,CETIAT,"4465,55"
ETUDES,ETUDES GÉNÉRALES,CHEMSIS,2586336
ETUDES,ETUDES GÉNÉRALES,ELCIMAI CONSEIL,11120
ETUDES,ETUDES GÉNÉRALES,ENGINEERING ET CONSULTING,61880
ETUDES,ETUDES GÉNÉRALES,ERAS,167800
ETUDES,ETUDES GÉNÉRALES,ETI ENVIRONNEMENT,47925
ETUDES,ETUDES GÉNÉRALES,HORUS INGENIERIE CONSEIL,22500
ETUDES,ETUDES GÉNÉRALES,I  R  H   INGENIEUR CONSEIL,2200
ETUDES,ETUDES GÉNÉRALES,IAC SIM ENGINEERING,14820
ETUDES,ETUDES GÉNÉRALES,INERIS,1600
ETUDES,ETUDES GÉNÉRALES,INEVO TECHNOLOGIY,"32939,08"
ETUDES,ETUDES GÉNÉRALES,INGENICA,"194499,6"
ETUDES,ETUDES GÉNÉRALES,INGEROP CONSEIL ET INGENIERIE,94050
ETUDES,ETUDES GÉNÉRALES,NOVA INGENIERIE,"80602,17"
ETUDES,ETUDES GÉNÉRALES,R&V ENGINEERING,13600
ETUDES,ETUDES GÉNÉRALES,TECHNIP,"6690230,28"
ETUDES,ETUDES GÉNÉRALES,TECHNIP IBERIA SA,288285
ETUDES,ETUDES GÉNÉRALES,TECHNIP INDUSTRIES LYON,"56638,81"
GÉNIE CIVIL ET BÂTIMENT,BÂTIMENT / SECOND OEUVRE,BERGANIN MENUISERIE SAS,35172
GÉNIE CIVIL ET BÂTIMENT,BÂTIMENT / SECOND OEUVRE,FERBECK & FUMITHERM,"78602,42"
GÉNIE CIVIL ET BÂTIMENT,BÂTIMENT / SECOND OEUVRE,FM SUD GALCO,30226
GÉNIE CIVIL ET BÂTIMENT,BÂTIMENT / SECOND OEUVRE,"I, M, D, V,","28115,31"
GÉNIE CIVIL ET BÂTIMENT,BÂTIMENT / SECOND OEUVRE,LOPEZ  PATRICK,"38875,02"
GÉNIE CIVIL ET BÂTIMENT,BÂTIMENT / SECOND OEUVRE,MAX TROMPAT,"29115,59"
GÉNIE CIVIL ET BÂTIMENT,BÂTIMENT / SECOND OEUVRE,MIROITERIE DE LA LOUE,29939
GÉNIE CIVIL ET BÂTIMENT,BÂTIMENT / SECOND OEUVRE,MR TOUSSAINT JACKY,"40595,94"
GÉNIE CIVIL ET BÂTIMENT,BÂTIMENT / SECOND OEUVRE,REMA TIP TOP FRANCE,2195
GÉNIE CIVIL ET BÂTIMENT,BÂTIMENT / SECOND OEUVRE,ROLLAND SARL,"5009,2"
GÉNIE CIVIL ET BÂTIMENT,BÂTIMENT / SECOND OEUVRE,SCARFO,52989
GÉNIE CIVIL ET BÂTIMENT,BÂTIMENT / SECOND OEUVRE,SOGEB MAZET,"124289,24"
GÉNIE CIVIL ET BÂTIMENT,BÂTIMENT / SECOND OEUVRE,TARVEL,"54572,86"
GÉNIE CIVIL ET BÂTIMENT,GÉNIE CIVIL - VRD - TP,CAMPEZO ASFALTOS DE CASTILLA Y LEON,"19405,33"
GÉNIE CIVIL ET BÂTIMENT,GÉNIE CIVIL - VRD - TP,CARDEM SAS,"494891,75"
GÉNIE CIVIL ET BÂTIMENT,GÉNIE CIVIL - VRD - TP,CONSTRUCCIONES CALIDAD SL,"248849,1"
GÉNIE CIVIL ET BÂTIMENT,GÉNIE CIVIL - VRD - TP,CONSTRUCCIONES JOSE PIEDRA SA,"77216,12"
GÉNIE CIVIL ET BÂTIMENT,GÉNIE CIVIL - VRD - TP,EIFFAGE CONSTRUCTION AUVERGNE,"37257,22"
GÉNIE CIVIL ET BÂTIMENT,GÉNIE CIVIL - VRD - TP,EIFFAGE TP,"1856815,79"
GÉNIE CIVIL ET BÂTIMENT,GÉNIE CIVIL - VRD - TP,FONDASOL,12500
GÉNIE CIVIL ET BÂTIMENT,GÉNIE CIVIL - VRD - TP,"FRANCISCO J, Y J,M,IZQUIERDO GONZAL",839
GÉNIE CIVIL ET BÂTIMENT,GÉNIE CIVIL - VRD - TP,MACONNERIE TRAVAUX INDUSTRIELS,74358
GÉNIE CIVIL ET BÂTIMENT,GÉNIE CIVIL - VRD - TP,PI CONSTRUCTION,"17379,32"
GÉNIE CIVIL ET BÂTIMENT,GÉNIE CIVIL - VRD - TP,RIBIERE INDUSTRIE,"38339,06"
GÉNIE CIVIL ET BÂTIMENT,GÉNIE CIVIL - VRD - TP,SMTS Groupe Traynard,"782184,72"
GÉNIE CIVIL ET BÂTIMENT,GÉNIE CIVIL - VRD - TP,SNEC,"1008923,5"
GÉNIE CIVIL ET BÂTIMENT,GÉNIE CIVIL - VRD - TP,SOGEA,87950
GÉNIE CIVIL ET BÂTIMENT,GÉNIE CIVIL - VRD - TP,TECSA EMPRESA CONSTRUCTORA SA,"27598,68"
GÉNIE CIVIL ET BÂTIMENT,GÉNIE CIVIL - VRD - TP,VONROLL HYDRO,552
GÉNIE CIVIL ET BÂTIMENT,GÉNIE CIVIL / STRUCTURE,BEROA FRANCE,"41665,33"
GÉNIE CIVIL ET BÂTIMENT,GÉNIE CIVIL / STRUCTURE,SOFRAST,45360
GÉNIE CIVIL ET BÂTIMENT,GÉNIE CIVIL / STRUCTURE,SOLETANCHE BACHY PIEUX,"876311,81"
GÉNIE CLIMATIQUE,FROID ET CLIMATISATION,AXIMA  REFRIGERATION,"248225,08"
GÉNIE CLIMATIQUE,FROID ET CLIMATISATION,AXIMA SEITHA,"206181,47"
GÉNIE CLIMATIQUE,FROID ET CLIMATISATION,"CAU S,A,","292386,6"
GÉNIE CLIMATIQUE,FROID ET CLIMATISATION,CNIM DIVISION BABCOK,21240
GÉNIE CLIMATIQUE,FROID ET CLIMATISATION,DALKIA,"12714,33"
GÉNIE CLIMATIQUE,FROID ET CLIMATISATION,DALKIA ENERGIA Y SERVICIOS SA,"2300,32"
GÉNIE CLIMATIQUE,FROID ET CLIMATISATION,DEHON SERVICE,"341,35"
GÉNIE CLIMATIQUE,FROID ET CLIMATISATION,F2A,"870,8"
GÉNIE CLIMATIQUE,FROID ET CLIMATISATION,HERVE THERMIQUE,"98625,11"
GÉNIE CLIMATIQUE,FROID ET CLIMATISATION,JOHNSON CONTROLS INDUSTRIES,"278932,41"
GÉNIE CLIMATIQUE,FROID ET CLIMATISATION,MIDI THERMIQUE,"7879,54"
GÉNIE EIA,DÉTECTION INCENDIE,BELLT ESPAÑA SA,"13692,8"
GÉNIE EIA,DÉTECTION INCENDIE,CASTELLANA SEGURIDAD Y CONTROL SA,"37084,2"
GÉNIE EIA,DÉTECTION INCENDIE,CHUBB SECURITE,"241926,4"
GÉNIE EIA,DÉTECTION INCENDIE,DRÄGER SAFETY FRANCE SAS,"225471,54"
GÉNIE EIA,DÉTECTION INCENDIE,"EXTINTORES EIVAR S,A,","1336,2"
GÉNIE EIA,DÉTECTION INCENDIE,QUIBAC SA,"1840,2"
GÉNIE EIA,DÉTECTION INCENDIE,SIEMENS SAS,"151550,06"
GÉNIE EIA,ELECTRICITÉ - INSTRUMENTATION,ACCI,22320
GÉNIE EIA,ELECTRICITÉ - INSTRUMENTATION,ACTEMIUM  SRTI,83930
GÉNIE EIA,ELECTRICITÉ - INSTRUMENTATION,AEG POWER SOLUTIONS,"18531,68"
GÉNIE EIA,ELECTRICITÉ - INSTRUMENTATION,APEX INGENIERIA INTEGRAL SA,"110521,64"
GÉNIE EIA,ELECTRICITÉ - INSTRUMENTATION,"BOBINADOS E INST,ELECTR,BURGOS SL","2554,14"
GÉNIE EIA,ELECTRICITÉ - INSTRUMENTATION,CEGELEC CENTRE EST,21000
GÉNIE EIA,ELECTRICITÉ - INSTRUMENTATION,CEGELEC CENTRE EST COMPTA,28820
GÉNIE EIA,ELECTRICITÉ - INSTRUMENTATION,CEGELEC/CLERMONT,"137191,06"
GÉNIE EIA,ELECTRICITÉ - INSTRUMENTATION,"COTE S,A,S,","20392,44"
GÉNIE EIA,ELECTRICITÉ - INSTRUMENTATION,DM REGULATION,"251882,25"
GÉNIE EIA,ELECTRICITÉ - INSTRUMENTATION,EATON INDUSTRIES (SPAIN) SL,725
GÉNIE EIA,ELECTRICITÉ - INSTRUMENTATION,EFACEC SISTEMAS ESPAÑA SL,"69046,19"
GÉNIE EIA,ELECTRICITÉ - INSTRUMENTATION,EKIUM,"626243,3"
GÉNIE EIA,ELECTRICITÉ - INSTRUMENTATION,GE POWER CONTROLS,"13682,6"
GÉNIE EIA,ELECTRICITÉ - INSTRUMENTATION,GMR,"39228,59"
GÉNIE EIA,ELECTRICITÉ - INSTRUMENTATION,GROUPE SNEF,"9832,35"
GÉNIE EIA,ELECTRICITÉ - INSTRUMENTATION,GUNNEBO FRANCE,"34935,7"
GÉNIE EIA,ELECTRICITÉ - INSTRUMENTATION,INEO MIDI PYRENEES,"890,42"
GÉNIE EIA,ELECTRICITÉ - INSTRUMENTATION,INEO RHONE-ALPES  AUVERGNE,"2756317,84"
GÉNIE EIA,ELECTRICITÉ - INSTRUMENTATION,INSYSTEC,"10194,46"
GÉNIE EIA,ELECTRICITÉ - INSTRUMENTATION,"INVENSYS SYSTEMS FR,/TRICONEX",1695
GÉNIE EIA,ELECTRICITÉ - INSTRUMENTATION,OPTEOR,"1239510,74"
GÉNIE EIA,ELECTRICITÉ - INSTRUMENTATION,SAFT GRANIER,"1255,31"
GÉNIE EIA,ELECTRICITÉ - INSTRUMENTATION,SCHALTBAU FRANCE,2676
GÉNIE EIA,ELECTRICITÉ - INSTRUMENTATION,SDEL RHONE ALPES INDUSTRIE,"147955,52"
GÉNIE EIA,ELECTRICITÉ - INSTRUMENTATION,SECAUTO,"2674964,5"
GÉNIE EIA,ELECTRICITÉ - INSTRUMENTATION,SIEMSA INDUSTRIA SA,"334480,72"
GÉNIE EIA,ELECTRICITÉ - INSTRUMENTATION,SNEF DELTA COMMUNICATIONS,"14452,75"
GÉNIE EIA,ELECTRICITÉ - INSTRUMENTATION,SOTEB,170316
GÉNIE EIA,ELECTRICITÉ - INSTRUMENTATION,SPIE SUD EST,3080275
GÉNIE MÉCANIQUE,BÂTIMENT / SECOND OEUVRE,MANREY,"19393,63"
GÉNIE MÉCANIQUE,CHARPENTE - STRUCTURE,CIM,"317234,4"
GÉNIE MÉCANIQUE,CHARPENTE - STRUCTURE,CMM,"135639,01"
GÉNIE MÉCANIQUE,CHARPENTE - STRUCTURE,GAGNE,"2098343,88"
GÉNIE MÉCANIQUE,CHARPENTE - STRUCTURE,GRIJALVO MATERIALES CONSTRUCCION SL,"3768,2"
GÉNIE MÉCANIQUE,CHARPENTE - STRUCTURE,GUION  INDUSTRIE,127572
GÉNIE MÉCANIQUE,CHARPENTE - STRUCTURE,PUERTAS ROPER SA,"2584,5"
GÉNIE MÉCANIQUE,CHARPENTE - STRUCTURE,SECTI,24655
GÉNIE MÉCANIQUE,CHARPENTE - STRUCTURE,SERMECA STEPHANOISE,"602072,99"
GÉNIE MÉCANIQUE,ECHAFFAUDAGE - CALORIFUGE,AISLAMIENTOS CEA SL,"218343,99"
GÉNIE MÉCANIQUE,ECHAFFAUDAGE - CALORIFUGE,ANDAMIOS BURGOS SL,"30902,68"
GÉNIE MÉCANIQUE,ECHAFFAUDAGE - CALORIFUGE,ELIT,659
GÉNIE MÉCANIQUE,ECHAFFAUDAGE - CALORIFUGE,GRUAS BURGOS SA,"42857,72"
GÉNIE MÉCANIQUE,ECHAFFAUDAGE - CALORIFUGE,KAEFER WANNER,"892134,6"
GÉNIE MÉCANIQUE,ECHAFFAUDAGE - CALORIFUGE,LYON ECHAFAUDAGES,"380314,03"
GÉNIE MÉCANIQUE,ECHAFFAUDAGE - CALORIFUGE,OUVAROFF,"1785698,18"
GÉNIE MÉCANIQUE,ECHAFFAUDAGE - CALORIFUGE,PEDUZZI ISOLATIONS,40940
GÉNIE MÉCANIQUE,LEVAGE / MONTAGE,FOSELEV PROVENCE,"330193,91"
GÉNIE MÉCANIQUE,LEVAGE / MONTAGE,JOFER ELEVACION SL,"1516,98"
GÉNIE MÉCANIQUE,MAINTENANCE ASCENSEURS,OTIS,"80489,69"
GÉNIE MÉCANIQUE,MAINTENANCE ASCENSEURS,SCHINDLER,"15483,11"
GÉNIE MÉCANIQUE,MAINTENANCE GÉNÉRALE,A2M,3600
GÉNIE MÉCANIQUE,MAINTENANCE GÉNÉRALE,AB MAINTENANCE,"525004,24"
GÉNIE MÉCANIQUE,MAINTENANCE GÉNÉRALE,AIR-RAIL SL,"27326,14"
GÉNIE MÉCANIQUE,MAINTENANCE GÉNÉRALE,"ASSA ABLOY ENTRANCE SYSTEMS SPAIN,S",635
GÉNIE MÉCANIQUE,MAINTENANCE GÉNÉRALE,BAREP,"45329,97"
GÉNIE MÉCANIQUE,MAINTENANCE GÉNÉRALE,EGM,547730
GÉNIE MÉCANIQUE,MAINTENANCE GÉNÉRALE,"GRETEDI, S,L,","2627,84"
GÉNIE MÉCANIQUE,MAINTENANCE GÉNÉRALE,JOSE Mª MORAL E HIJOS SL,"8045,4"
GÉNIE MÉCANIQUE,MAINTENANCE GÉNÉRALE,MECA G SERVICES,"58221,65"
GÉNIE MÉCANIQUE,MAINTENANCE GÉNÉRALE,"MIB MAINTENANCE INDUST,BERRY",553
GÉNIE MÉCANIQUE,MAINTENANCE GÉNÉRALE,MSA GALLET,1355
GÉNIE MÉCANIQUE,MAINTENANCE GÉNÉRALE,OSIRIS GIE Roussillon,1580
GÉNIE MÉCANIQUE,MAINTENANCE GÉNÉRALE,RAMOS CORRALEJO SANTIAGO,"178017,26"
GÉNIE MÉCANIQUE,MAINTENANCE GÉNÉRALE,TECHNIFER,40000
GÉNIE MÉCANIQUE,MAINTENANCE GÉNÉRALE,TORRAVAL COOLING SL,1350
GÉNIE MÉCANIQUE,MAINTENANCE GÉNÉRALE,TRANS SERVICE,10269
GÉNIE MÉCANIQUE,MÉCANIQUE GÉNÉRALE,AMADA METRECS SA,5062
GÉNIE MÉCANIQUE,MÉCANIQUE GÉNÉRALE,"CASTOLIN IBERICA S,L,U,",20
GÉNIE MÉCANIQUE,MÉCANIQUE GÉNÉRALE,CRAWFORD HAFA SAS,"1492,68"
GÉNIE MÉCANIQUE,MÉCANIQUE GÉNÉRALE,DURUM SA,2975
GÉNIE MÉCANIQUE,MÉCANIQUE GÉNÉRALE,EL PLANTIO MOTOR SL,"1429,71"
GÉNIE MÉCANIQUE,MÉCANIQUE GÉNÉRALE,ERIC CENTRE SARL,5740
GÉNIE MÉCANIQUE,MÉCANIQUE GÉNÉRALE,LEVELEC,"419,75"
GÉNIE MÉCANIQUE,MÉCANIQUE GÉNÉRALE,"M,G,A,I","24833,63"
GÉNIE MÉCANIQUE,MÉCANIQUE GÉNÉRALE,MAFELCA SL,"21171,9"
GÉNIE MÉCANIQUE,MÉCANIQUE GÉNÉRALE,"MAHERSA-MANUTENCION Y HERRAM,SL",20494
GÉNIE MÉCANIQUE,MÉCANIQUE GÉNÉRALE,"MECANIZADOS INSITU BALBAS, S,L,",5120
GÉNIE MÉCANIQUE,MÉCANIQUE GÉNÉRALE,METALURGICA ROSAN SL,"258035,87"
GÉNIE MÉCANIQUE,MÉCANIQUE GÉNÉRALE,MOVITEC WRAPPING SYSTEMS SL,"2710,31"
GÉNIE MÉCANIQUE,MÉCANIQUE GÉNÉRALE,NORSUD,230
GÉNIE MÉCANIQUE,MÉCANIQUE GÉNÉRALE,PETRAM,"35320,75"
GÉNIE MÉCANIQUE,MÉCANIQUE GÉNÉRALE,SARL GLOMOT PENOT SYSTEMES,460
GÉNIE MÉCANIQUE,MÉCANIQUE GÉNÉRALE,SARL MGF,"64199,04"
GÉNIE MÉCANIQUE,MÉCANIQUE GÉNÉRALE,SYCA SYSTEMS,420
GÉNIE MÉCANIQUE,MÉCANIQUE GÉNÉRALE,TEST VANNES,15770
GÉNIE MÉCANIQUE,MÉCANIQUE GÉNÉRALE,VIBRACO ACOVAL,1684
GÉNIE MÉCANIQUE,NETTOYAGE INDUSTRIEL,"A, HAK INDUSTRIAL SERVICES",86508
GÉNIE MÉCANIQUE,NETTOYAGE INDUSTRIEL,BATINET,"51988,11"
GÉNIE MÉCANIQUE,NETTOYAGE INDUSTRIEL,"FCC-FOMENTO CONSTR,Y CONTRATAS SA","8135,15"
GÉNIE MÉCANIQUE,NETTOYAGE INDUSTRIEL,HYDROKARST,"2472,19"
GÉNIE MÉCANIQUE,NETTOYAGE INDUSTRIEL,KARCHER SA,"6722,24"
GÉNIE MÉCANIQUE,NETTOYAGE INDUSTRIEL,ORTEC SERVICES INDUSTRIE,51250
GÉNIE MÉCANIQUE,NETTOYAGE INDUSTRIEL,SINEA,"588237,2"
GÉNIE MÉCANIQUE,NETTOYAGE INDUSTRIEL,SNSI PROVENCE,"202594,3"
GÉNIE MÉCANIQUE,NETTOYAGE INDUSTRIEL,SODI RHONE ALPES,12037
GÉNIE MÉCANIQUE,NETTOYAGE INDUSTRIEL,SOLARCA,128390
GÉNIE MÉCANIQUE,NETTOYAGE INDUSTRIEL,SRA SAVAC,"362373,15"
GÉNIE MÉCANIQUE,NETTOYAGE INDUSTRIEL,SRA SAVAC SUEZ,24623
GÉNIE MÉCANIQUE,NETTOYAGE INDUSTRIEL,THERMO CLEAN RHONE ALPES,"707,84"
GÉNIE MÉCANIQUE,PEINTURE INDUSTRIELLE,DOBUR SA,"43063,75"
GÉNIE MÉCANIQUE,PEINTURE INDUSTRIELLE,ERBA,31537
GÉNIE MÉCANIQUE,PEINTURE INDUSTRIELLE,NOE JACQUIER ENERGIE,52972
GÉNIE MÉCANIQUE,PEINTURE INDUSTRIELLE,PREZIOSO,"119759,07"
GÉNIE MÉCANIQUE,PEINTURE INDUSTRIELLE,RHOD PEINTURE,"68467,3"
GÉNIE MÉCANIQUE,PEINTURE INDUSTRIELLE,SARL LLACER,"5705,6"
GÉNIE MÉCANIQUE,PEINTURE INDUSTRIELLE,WESDURLAN SL,"33989,35"
GÉNIE MÉCANIQUE,"PREST, REMPLACEMENT CATALYSEUR",EURO SYSTEM,"9817,6"
GÉNIE MÉCANIQUE,"PREST, REMPLACEMENT CATALYSEUR",TECNICAS DE REFRACTARIOS SAU,"164042,3"
GÉNIE MÉCANIQUE,"PREST, REMPLACEMENT CATALYSEUR",YSTRAL,23990
GÉNIE MÉCANIQUE,PROTECTION INCENDIE,ATEX EXPLOSIONSSCHUTZ GMBH,"2885,2"
GÉNIE MÉCANIQUE,PROTECTION INCENDIE,COFELY AXIMA,"564014,44"
GÉNIE MÉCANIQUE,PROTECTION INCENDIE,DESAUTEL,"17884,65"
GÉNIE MÉCANIQUE,PROTECTION INCENDIE,FAGUS  GRECON GRETEN  GMBH,914
GÉNIE MÉCANIQUE,PROTECTION INCENDIE,INCOM EXPLOSIONSSCHUTZ,257629
GÉNIE MÉCANIQUE,PROTECTION INCENDIE,PROTEC-FEU,280
GÉNIE MÉCANIQUE,PROTECTION INCENDIE,"R,PONS","10909,86"
GÉNIE MÉCANIQUE,PROTECTION INCENDIE,SIDES,"29745,18"
GÉNIE MÉCANIQUE,PROTECTION INCENDIE,"STEIBLE INGENIERIE DISTRIBUTI,",2049
GÉNIE MÉCANIQUE,PROTECTION INCENDIE,TELKROM SL,120
GÉNIE MÉCANIQUE,TUYAUTERIE - CHAUDONNERIE,ACIP,13000
GÉNIE MÉCANIQUE,TUYAUTERIE - CHAUDONNERIE,CDFI,95190
GÉNIE MÉCANIQUE,TUYAUTERIE - CHAUDONNERIE,CIMAT SARTEC,"2871128,78"
GÉNIE MÉCANIQUE,TUYAUTERIE - CHAUDONNERIE,CXL INDUSTRIES,12167
GÉNIE MÉCANIQUE,TUYAUTERIE - CHAUDONNERIE,EIFFEL INDUSTRIE,"899397,08"
GÉNIE MÉCANIQUE,TUYAUTERIE - CHAUDONNERIE,ENDEL,"462376,6"
GÉNIE MÉCANIQUE,TUYAUTERIE - CHAUDONNERIE,LYONNAISE DE TUYAUTERIE ET DE MONTA,"7416049,49"
GÉNIE MÉCANIQUE,TUYAUTERIE - CHAUDONNERIE,MECOIM SL,"45715,5"
GÉNIE MÉCANIQUE,TUYAUTERIE - CHAUDONNERIE,PCVS TUYAUTERIE,130570
GÉNIE MÉCANIQUE,TUYAUTERIE - CHAUDONNERIE,SAMM,65581
GÉNIE MÉCANIQUE,TUYAUTERIE - CHAUDONNERIE,SAS A D F RHONE ALPES,"3864003,14"
GÉNIE MÉCANIQUE,TUYAUTERIE - CHAUDONNERIE,SLTI,45755
GÉNIE MÉCANIQUE,TUYAUTERIE - CHAUDONNERIE,SLTI SETIC,3730
MATIÈRES PREMIÈRES,ELECTRICITÉ - INSTRUMENTATION,NISCAYAH,"6813,11"
MATÉRIEL EIA,ELECTRICITÉ,ABB FRANCE,"89303,07"
MATÉRIEL EIA,ELECTRICITÉ,ABB FRANCE DIVISION MMD,"62250,45"
MATÉRIEL EIA,ELECTRICITÉ,ABC DISTRIBUTION,"62527,72"
MATÉRIEL EIA,ELECTRICITÉ,ACC ATELIER DE CABLAGE CENTRE,132329
MATÉRIEL EIA,ELECTRICITÉ,AGT,1286
MATÉRIEL EIA,ELECTRICITÉ,ALSTOM GRID,3680
MATÉRIEL EIA,ELECTRICITÉ,BARTEC,4306
MATÉRIEL EIA,ELECTRICITÉ,CARDOT SA,6687
MATÉRIEL EIA,ELECTRICITÉ,CEMP FRANCE SA,"11918,76"
MATÉRIEL EIA,ELECTRICITÉ,CETAL,"3622,4"
MATÉRIEL EIA,ELECTRICITÉ,CODIMA ROBOFLUX,"4422,03"
MATÉRIEL EIA,ELECTRICITÉ,COMPTOIR DES COURANTS FAIBLES,"918,8"
MATÉRIEL EIA,ELECTRICITÉ,DME,2230
MATÉRIEL EIA,ELECTRICITÉ,ELECTRO CAOR SA,54
MATÉRIEL EIA,ELECTRICITÉ,ELECTROSON CASTILLA SA,"2673,3"
MATÉRIEL EIA,ELECTRICITÉ,EUROMECA,20672
MATÉRIEL EIA,ELECTRICITÉ,FLEXIM,1989
MATÉRIEL EIA,ELECTRICITÉ,HAZEMEYER,"503133,2"
MATÉRIEL EIA,ELECTRICITÉ,HELMKE,"8986,97"
MATÉRIEL EIA,ELECTRICITÉ,HISPANOFIL SA,"38240,34"
MATÉRIEL EIA,ELECTRICITÉ,IAC FRANCE,"2764,5"
MATÉRIEL EIA,ELECTRICITÉ,MARECHAL ELECTRIC,"2623,43"
MATÉRIEL EIA,ELECTRICITÉ,RADIOSPARES COMPOSANTS,"7106,52"
MATÉRIEL EIA,ELECTRICITÉ,REXEL FRANCE  SUD EST,"97009,23"
MATÉRIEL EIA,ELECTRICITÉ,REXEL FRANCE /SUD EST,"40247,2"
MATÉRIEL EIA,ELECTRICITÉ,SAMMODE SA,"37824,61"
MATÉRIEL EIA,ELECTRICITÉ,SCHNEIDER ELECTRIC ENERGY,64798
MATÉRIEL EIA,ELECTRICITÉ,SCHNEIDER ELECTRIC FRANCE,"1305175,72"
MATÉRIEL EIA,ELECTRICITÉ,SCHNEIDER ELECTRIC IT FRANCE,"54240,73"
MATÉRIEL EIA,ELECTRICITÉ,SCHNEIDER ELECTRIC IT FRANCE APC,21961
MATÉRIEL EIA,ELECTRICITÉ,SCHNEIDER ELECTRIC IT SPAIN SL,"28217,6"
MATÉRIEL EIA,ELECTRICITÉ,SCHNEIDER ELECTRIC PROTECTION,4800
MATÉRIEL EIA,ELECTRICITÉ,SIE,3896
MATÉRIEL EIA,ELECTRICITÉ,SIEMENS SA,"72095,46"
MATÉRIEL EIA,ELECTRICITÉ,SINEX INDUSTRIE,6342
MATÉRIEL EIA,ELECTRICITÉ,SOCOMEC,"67380,59"
MATÉRIEL EIA,ELECTRICITÉ,SOCOTEC INDUSTRIES,4900
MATÉRIEL EIA,ELECTRICITÉ,TRANSFORMATEURS,15200
MATÉRIEL EIA,ELECTRICITÉ,TRANSFOS MARY,13164
MATÉRIEL EIA,ELECTRICITÉ,"TRESSE METALLIQUE J,FORISSIER",1710
MATÉRIEL EIA,ELECTRICITÉ,UME,"56934,4"
MATÉRIEL EIA,ELECTRICITÉ,VIGILEC AUVERGNE,"310,03"
MATÉRIEL EIA,ELECTRICITÉ,VOSSLOH COGIFER,1574
MATÉRIEL EIA,INSTRUMENTATION,APOLLO INSTRUMENTS,"14700,8"
MATÉRIEL EIA,INSTRUMENTATION,APTELEC,"69,8"
MATÉRIEL EIA,INSTRUMENTATION,ASERTI ELECTRONIC SUD,640
MATÉRIEL EIA,INSTRUMENTATION,AUMA FRANCE,4652
MATÉRIEL EIA,INSTRUMENTATION,BAMO MESURES SA,1155
MATÉRIEL EIA,INSTRUMENTATION,BAUMER BOURDON HAENNI,"2948,65"
MATÉRIEL EIA,INSTRUMENTATION,BERGER SA,1395
MATÉRIEL EIA,INSTRUMENTATION,CHAUVIN ARNOUX,"6119,7"
MATÉRIEL EIA,INSTRUMENTATION,COAXEL,"1247,07"
MATÉRIEL EIA,INSTRUMENTATION,COMPUR MONITORS SARL,"586,5"
MATÉRIEL EIA,INSTRUMENTATION,CUENOT REGULATION,"12453,42"
MATÉRIEL EIA,INSTRUMENTATION,DAMAC,"223,77"
MATÉRIEL EIA,INSTRUMENTATION,DIMECA SAS,744
MATÉRIEL EIA,INSTRUMENTATION,DURAG FRANCE,"29719,1"
MATÉRIEL EIA,INSTRUMENTATION,ECOM NIED,4390
MATÉRIEL EIA,INSTRUMENTATION,ELCOWA,3083
MATÉRIEL EIA,INSTRUMENTATION,ELECTRO LOIRE,"221,5"
MATÉRIEL EIA,INSTRUMENTATION,ELECTRO SUD EST,"3782,16"
MATÉRIEL EIA,INSTRUMENTATION,EMERSON PROCESS MANAGEMENT,"545195,61"
MATÉRIEL EIA,INSTRUMENTATION,EMERSON PROCESS MANAGEMENT SL,"187099,23"
MATÉRIEL EIA,INSTRUMENTATION,ENDRESS-HAUSER SUD-EST,"173752,3"
MATÉRIEL EIA,INSTRUMENTATION,ETS MYDIS SAS,"918,9"
MATÉRIEL EIA,INSTRUMENTATION,ETS PERREAU,225
MATÉRIEL EIA,INSTRUMENTATION,EUROTHERM AUTOMATION,142
MATÉRIEL EIA,INSTRUMENTATION,FAURE AUTOMATISMES,"22512,09"
MATÉRIEL EIA,INSTRUMENTATION,FAURIE MONTLUCON,"7951,85"
MATÉRIEL EIA,INSTRUMENTATION,FIRELEC SARL,"9508,11"
MATÉRIEL EIA,INSTRUMENTATION,GE DIVISION MASONEILAN,"278186,56"
MATÉRIEL EIA,INSTRUMENTATION,GE SENSING/DRUCK,"12660,21"
MATÉRIEL EIA,INSTRUMENTATION,HYDROMECA,"2674,48"
MATÉRIEL EIA,INSTRUMENTATION,IFM ELECTRONIC SA,"4502,1"
MATÉRIEL EIA,INSTRUMENTATION,IJINUS,"781,2"
MATÉRIEL EIA,INSTRUMENTATION,"INVENSYS SYSTEMS FR,/FOXBORO","7785,71"
MATÉRIEL EIA,INSTRUMENTATION,ITRON FRANCE,13804
MATÉRIEL EIA,INSTRUMENTATION,JS AUTOMATION,5300
MATÉRIEL EIA,INSTRUMENTATION,KROHNE SA,"163149,54"
MATÉRIEL EIA,INSTRUMENTATION,LAKAUTO SL,3364
MATÉRIEL EIA,INSTRUMENTATION,LOREME,3770
MATÉRIEL EIA,INSTRUMENTATION,M&C TECH GROUP FRANCE,"7229,95"
MATÉRIEL EIA,INSTRUMENTATION,METRA SA,10711
MATÉRIEL EIA,INSTRUMENTATION,"METTLER TOLEDO ANALYSE INDUST,","41629,98"
MATÉRIEL EIA,INSTRUMENTATION,MTL INSTRUMENTS SARL,2447
MATÉRIEL EIA,INSTRUMENTATION,O T I  NDUSTRIES,"1202,7"
MATÉRIEL EIA,INSTRUMENTATION,OLDHAM SA,"17023,65"
MATÉRIEL EIA,INSTRUMENTATION,PEPPERL ET FUCHS SARL,"18956,5"
MATÉRIEL EIA,INSTRUMENTATION,PETRAS J,"50238,72"
MATÉRIEL EIA,INSTRUMENTATION,PORTA SISTEMAS SL,2734
MATÉRIEL EIA,INSTRUMENTATION,PR ELECTRONICS France,"6322,8"
MATÉRIEL EIA,INSTRUMENTATION,PYROCONTROLE grpe Chauvin Arnoux,"115627,97"
MATÉRIEL EIA,INSTRUMENTATION,RAE,"5945,5"
MATÉRIEL EIA,INSTRUMENTATION,RB TECHNOLOGIES,1600
MATÉRIEL EIA,INSTRUMENTATION,RHONE EQUIPEMENT AUTOMATISMES,"272161,99"
MATÉRIEL EIA,INSTRUMENTATION,SAMSON REGULATION,"2359,4"
MATÉRIEL EIA,INSTRUMENTATION,SAPHYMO,598
MATÉRIEL EIA,INSTRUMENTATION,SAPPEL,1473
MATÉRIEL EIA,INSTRUMENTATION,SARL SOLYTEC,"22515,91"
MATÉRIEL EIA,INSTRUMENTATION,SERES,"7421,76"
MATÉRIEL EIA,INSTRUMENTATION,SERIC TECHNOLOGIE,198980
MATÉRIEL EIA,INSTRUMENTATION,SERVOMEX,"9164,33"
MATÉRIEL EIA,INSTRUMENTATION,SICK France,3963
MATÉRIEL EIA,INSTRUMENTATION,SICK MAIHAK,38929
MATÉRIEL EIA,INSTRUMENTATION,SIEMENS A&D  SC PA/PS,"94342,01"
MATÉRIEL EIA,INSTRUMENTATION,SINCRA,10743
MATÉRIEL EIA,INSTRUMENTATION,SISTEC,95468
MATÉRIEL EIA,INSTRUMENTATION,THERMO EST,4695
MATÉRIEL EIA,INSTRUMENTATION,VEGA TECHNIQUE SA,"99608,66"
MATÉRIEL EIA,INSTRUMENTATION,YOKOGAWA FRANCE,"386318,41"
MATÉRIEL EIA,Non affecté,SWR engineering Messtechnik GmbH,"5739,2"
MATÉRIEL MÉCANIQUE,COMPRESSEUR,AERZEN-FRANCE,"19698,59"
MATÉRIEL MÉCANIQUE,COMPRESSEUR,ATLAS COPCO COMPRESSEURS,"183104,53"
MATÉRIEL MÉCANIQUE,COMPRESSEUR,ATLAS COPCO SA ESPAÑOLA,"146053,42"
MATÉRIEL MÉCANIQUE,COMPRESSEUR,BAUER COMPRESSEURS,"6166,08"
MATÉRIEL MÉCANIQUE,COMPRESSEUR,BCH COMPRESSEURS,7580
MATÉRIEL MÉCANIQUE,COMPRESSEUR,COMPAIR,"14720,43"
MATÉRIEL MÉCANIQUE,COMPRESSEUR,"CPI-LIARD S,A,S",54502
MATÉRIEL MÉCANIQUE,COMPRESSEUR,"HOERBIGER FRANCE S,A",9713
MATÉRIEL MÉCANIQUE,COMPRESSEUR,HOWDEN BC COMPRESSORS,"10421,22"
MATÉRIEL MÉCANIQUE,COMPRESSEUR,INGERSOLL RAND AIR SOLUTIONS FRANCE,318
MATÉRIEL MÉCANIQUE,COMPRESSEUR,KAESER COMPRESSEURS,"11150,8"
MATÉRIEL MÉCANIQUE,COMPRESSEUR,PERNIN EQUIPEMENTS,580
MATÉRIEL MÉCANIQUE,COMPRESSEUR,ROBUSCHI FRANCE,"3272,8"
MATÉRIEL MÉCANIQUE,COMPRESSEUR,RYCAM SL,"2288,83"
MATÉRIEL MÉCANIQUE,COMPRESSEUR,SIEMENS TURBOMACHINERY,"1304337,6"
MATÉRIEL MÉCANIQUE,EQUIPEMENT CHAUDRONNÉ,ACM,4920
MATÉRIEL MÉCANIQUE,EQUIPEMENT CHAUDRONNÉ,ACTI   ATLANTIC,125760
MATÉRIEL MÉCANIQUE,EQUIPEMENT CHAUDRONNÉ,ALFA LAVAL SAS,"101250,1"
MATÉRIEL MÉCANIQUE,EQUIPEMENT CHAUDRONNÉ,ATC AULAGNER,"71600,33"
MATÉRIEL MÉCANIQUE,EQUIPEMENT CHAUDRONNÉ,ATCS,845
MATÉRIEL MÉCANIQUE,EQUIPEMENT CHAUDRONNÉ,BARRIQUAND TECHNOLOGIES THERMIQUES,39450
MATÉRIEL MÉCANIQUE,EQUIPEMENT CHAUDRONNÉ,BUSS SMS GMBH,1647
MATÉRIEL MÉCANIQUE,EQUIPEMENT CHAUDRONNÉ,CORNELOUP VUILLAFANS,11300
MATÉRIEL MÉCANIQUE,EQUIPEMENT CHAUDRONNÉ,EURL 2CT,348846
MATÉRIEL MÉCANIQUE,EQUIPEMENT CHAUDRONNÉ,EURORESERVOIR,50000
MATÉRIEL MÉCANIQUE,EQUIPEMENT CHAUDRONNÉ,FIPP,64548
MATÉRIEL MÉCANIQUE,EQUIPEMENT CHAUDRONNÉ,KALKER GARAY,"6719,1"
MATÉRIEL MÉCANIQUE,EQUIPEMENT CHAUDRONNÉ,LESCAUT,"118696,4"
MATÉRIEL MÉCANIQUE,EQUIPEMENT CHAUDRONNÉ,PCVS,"555880,69"
MATÉRIEL MÉCANIQUE,EQUIPEMENT CHAUDRONNÉ,PCVS CHAUDRONNERIE,8522
MATÉRIEL MÉCANIQUE,EQUIPEMENT CHAUDRONNÉ,PIERRE GUERIN SA,"4624,9"
MATÉRIEL MÉCANIQUE,EQUIPEMENT CHAUDRONNÉ,PLASTICON FRANCE,2800
MATÉRIEL MÉCANIQUE,EQUIPEMENT CHAUDRONNÉ,SAG,122650
MATÉRIEL MÉCANIQUE,EQUIPEMENT CHAUDRONNÉ,SCHUBERTH,32040
MATÉRIEL MÉCANIQUE,EQUIPEMENT CHAUDRONNÉ,SIMETAL SA,"16739,72"
MATÉRIEL MÉCANIQUE,EQUIPEMENT CHAUDRONNÉ,TECHIM,62280
MATÉRIEL MÉCANIQUE,EQUIPEMENT DE CONDITIONNEMENT,AETNAGROUP FRANCE,"5626,4"
MATÉRIEL MÉCANIQUE,EQUIPEMENT DE CONDITIONNEMENT,AMETIS,"1172,74"
MATÉRIEL MÉCANIQUE,EQUIPEMENT DE CONDITIONNEMENT,COPERION  GMBH,"7961,8"
MATÉRIEL MÉCANIQUE,EQUIPEMENT DE CONDITIONNEMENT,CYBERLABO,3980
MATÉRIEL MÉCANIQUE,EQUIPEMENT DE CONDITIONNEMENT,ELPE,"2550,6"
MATÉRIEL MÉCANIQUE,EQUIPEMENT DE CONDITIONNEMENT,ESTEVE,2008
MATÉRIEL MÉCANIQUE,EQUIPEMENT DE CONDITIONNEMENT,GARDNER DENVER FRANCE SA,"85444,5"
MATÉRIEL MÉCANIQUE,EQUIPEMENT DE CONDITIONNEMENT,HAVER FRANCE,"22147,68"
MATÉRIEL MÉCANIQUE,EQUIPEMENT DE CONDITIONNEMENT,HAVER SERVICE,"24294,39"
MATÉRIEL MÉCANIQUE,EQUIPEMENT DE CONDITIONNEMENT,MARKEM IMAJE SAS,"8664,4"
MATÉRIEL MÉCANIQUE,EQUIPEMENT DE CONDITIONNEMENT,MJ80 EQUIPEMENT INDUSTRIEL,"7015,4"
MATÉRIEL MÉCANIQUE,EQUIPEMENT DE CONDITIONNEMENT,NEWTEC BAG PALLETIZING,"3657,7"
MATÉRIEL MÉCANIQUE,EQUIPEMENT DE CONDITIONNEMENT,PALAMATIC FRANCE,"956,97"
MATÉRIEL MÉCANIQUE,EQUIPEMENT DE CONDITIONNEMENT,PREMIER TECH CHRONOS SA,5587
MATÉRIEL MÉCANIQUE,EQUIPEMENT DE CONDITIONNEMENT,ROTRANS SA,"39142,35"
MATÉRIEL MÉCANIQUE,EQUIPEMENT DE CONDITIONNEMENT,SAUTELMA ROTOLOK,2250
MATÉRIEL MÉCANIQUE,EQUIPEMENT DE CONDITIONNEMENT,"TECNICAS TRANSVAS,PETROQUIMICOS SL","2424,29"
MATÉRIEL MÉCANIQUE,EQUIPEMENT DE CONDITIONNEMENT,TOSA  FRANCE,"9390,8"
MATÉRIEL MÉCANIQUE,EQUIPEMENT DE CONDITIONNEMENT,"TRANSP,ENVASADO Y MANUTENCION SA","2105,6"
MATÉRIEL MÉCANIQUE,EQUIPEMENT DE CONDITIONNEMENT,WEICOM SRL,3500
MATÉRIEL MÉCANIQUE,EQUIPEMENT SPÉCIFIQUE CHIMIE,A Z O,"29875,85"
MATÉRIEL MÉCANIQUE,EQUIPEMENT SPÉCIFIQUE CHIMIE,ANDRITZ   SAS,"5177,52"
MATÉRIEL MÉCANIQUE,EQUIPEMENT SPÉCIFIQUE CHIMIE,APLICACIONES TERMICAS ESPECIALES SL,"4562,1"
MATÉRIEL MÉCANIQUE,EQUIPEMENT SPÉCIFIQUE CHIMIE,AQUASYSTEMS INTERNATIONAL NV,59000
MATÉRIEL MÉCANIQUE,EQUIPEMENT SPÉCIFIQUE CHIMIE,BECEP SARL,"55150,7"
MATÉRIEL MÉCANIQUE,EQUIPEMENT SPÉCIFIQUE CHIMIE,BES,"17883,56"
MATÉRIEL MÉCANIQUE,EQUIPEMENT SPÉCIFIQUE CHIMIE,"BURDINOLA ,S,COOP,","5592,83"
MATÉRIEL MÉCANIQUE,EQUIPEMENT SPÉCIFIQUE CHIMIE,BUSS-SMS-CANZLER GMBH,19629
MATÉRIEL MÉCANIQUE,EQUIPEMENT SPÉCIFIQUE CHIMIE,CASALS CARDONA INDUSTRIAL SA,2401
MATÉRIEL MÉCANIQUE,EQUIPEMENT SPÉCIFIQUE CHIMIE,CHAUVIN SA,"2885,75"
MATÉRIEL MÉCANIQUE,EQUIPEMENT SPÉCIFIQUE CHIMIE,DE DIETRICH EQUIPOS QUIMICOS SL,"10834,78"
MATÉRIEL MÉCANIQUE,EQUIPEMENT SPÉCIFIQUE CHIMIE,DE DIETRICH PROCESS SYSTEMS,"93956,48"
MATÉRIEL MÉCANIQUE,EQUIPEMENT SPÉCIFIQUE CHIMIE,DELTA NEU,414390
MATÉRIEL MÉCANIQUE,EQUIPEMENT SPÉCIFIQUE CHIMIE,EKATO RUHR UND MISCHTECHNIK GMBH,118056
MATÉRIEL MÉCANIQUE,EQUIPEMENT SPÉCIFIQUE CHIMIE,ELFAB LIMITED,"3222,21"
MATÉRIEL MÉCANIQUE,EQUIPEMENT SPÉCIFIQUE CHIMIE,EMMSA-ESPAÑOLA MONTAJES METALICOS,63000
MATÉRIEL MÉCANIQUE,EQUIPEMENT SPÉCIFIQUE CHIMIE,ENDRESS+HAUSER,1121
MATÉRIEL MÉCANIQUE,EQUIPEMENT SPÉCIFIQUE CHIMIE,EQUIPAMIENTOS DE CONTROL SL,"1984,43"
MATÉRIEL MÉCANIQUE,EQUIPEMENT SPÉCIFIQUE CHIMIE,FERRUM SA,"41648,8"
MATÉRIEL MÉCANIQUE,EQUIPEMENT SPÉCIFIQUE CHIMIE,FIKE FRANCE,"4034,3"
MATÉRIEL MÉCANIQUE,EQUIPEMENT SPÉCIFIQUE CHIMIE,GEA PROCESS INGINEERING SAS,7656
MATÉRIEL MÉCANIQUE,EQUIPEMENT SPÉCIFIQUE CHIMIE,GLATT INGENIEURTECHNIK GMBH,1222657
MATÉRIEL MÉCANIQUE,EQUIPEMENT SPÉCIFIQUE CHIMIE,H+VALVES,"16872,6"
MATÉRIEL MÉCANIQUE,EQUIPEMENT SPÉCIFIQUE CHIMIE,KANON LOADING EQUIPMENT,"6123,55"
MATÉRIEL MÉCANIQUE,EQUIPEMENT SPÉCIFIQUE CHIMIE,KROHNE IBERIA SRL,306
MATÉRIEL MÉCANIQUE,EQUIPEMENT SPÉCIFIQUE CHIMIE,MACOGA SA,5221
MATÉRIEL MÉCANIQUE,EQUIPEMENT SPÉCIFIQUE CHIMIE,MAN DWE GMBH,"21843,67"
MATÉRIEL MÉCANIQUE,EQUIPEMENT SPÉCIFIQUE CHIMIE,MAX MULLER AG,"774,87"
MATÉRIEL MÉCANIQUE,EQUIPEMENT SPÉCIFIQUE CHIMIE,MEDELPHARM,"31603,3"
MATÉRIEL MÉCANIQUE,EQUIPEMENT SPÉCIFIQUE CHIMIE,METTLER TOLEDO SAE,"31263,95"
MATÉRIEL MÉCANIQUE,EQUIPEMENT SPÉCIFIQUE CHIMIE,MOPSA INDUSTRIAL SL,"14884,3"
MATÉRIEL MÉCANIQUE,EQUIPEMENT SPÉCIFIQUE CHIMIE,NEWAG GMBH ET CO,"29377,5"
MATÉRIEL MÉCANIQUE,EQUIPEMENT SPÉCIFIQUE CHIMIE,OERLIKON  LEYBOLD SA,"24704,25"
MATÉRIEL MÉCANIQUE,EQUIPEMENT SPÉCIFIQUE CHIMIE,PFAUDLER,7911
MATÉRIEL MÉCANIQUE,EQUIPEMENT SPÉCIFIQUE CHIMIE,ROTEX EUROPE,"2802,92"
MATÉRIEL MÉCANIQUE,EQUIPEMENT SPÉCIFIQUE CHIMIE,ROUSSELET CENTRIFUGATION SA,"297,3"
MATÉRIEL MÉCANIQUE,EQUIPEMENT SPÉCIFIQUE CHIMIE,RPA PROCESS SAS,"7433,79"
MATÉRIEL MÉCANIQUE,EQUIPEMENT SPÉCIFIQUE CHIMIE,SGL CARBON TECHNIC,1557
MATÉRIEL MÉCANIQUE,EQUIPEMENT SPÉCIFIQUE CHIMIE,SULZER CHEMTECH ALLSCHWIL AG,"1258,87"
MATÉRIEL MÉCANIQUE,EQUIPEMENT SPÉCIFIQUE CHIMIE,TECNOQUIMICA VEYCA SL,"13928,53"
MATÉRIEL MÉCANIQUE,EQUIPEMENT SPÉCIFIQUE CHIMIE,TEMA EQUIPEMENTS,"34879,32"
MATÉRIEL MÉCANIQUE,EQUIPEMENT SPÉCIFIQUE CHIMIE,TEMA MAQUINARIA SA,"119,6"
MATÉRIEL MÉCANIQUE,EQUIPEMENT SPÉCIFIQUE CHIMIE,THIMON,"6668,13"
MATÉRIEL MÉCANIQUE,EQUIPEMENT SPÉCIFIQUE CHIMIE,TROCCON SARL,2952
MATÉRIEL MÉCANIQUE,EQUIPEMENT SPÉCIFIQUE CHIMIE,WATERLEAU,19415
MATÉRIEL MÉCANIQUE,EQUIPEMENT SPÉCIFIQUE CHIMIE,WATERLEAU FRANCE,62100
MATÉRIEL MÉCANIQUE,EQUIPEMENT THERMIQUE,AET TECHNOLOGIES,"347896,06"
MATÉRIEL MÉCANIQUE,EQUIPEMENT THERMIQUE,AI2C,9514
MATÉRIEL MÉCANIQUE,EQUIPEMENT THERMIQUE,AIR INDUSTRIE THERMIQUE,"1077077,29"
MATÉRIEL MÉCANIQUE,EQUIPEMENT THERMIQUE,BABCOCK WANSON,"997,5"
MATÉRIEL MÉCANIQUE,EQUIPEMENT THERMIQUE,BRONSWERK HEAT TRANSFER,"304705,28"
MATÉRIEL MÉCANIQUE,EQUIPEMENT THERMIQUE,CLAYTON,"9974,59"
MATÉRIEL MÉCANIQUE,EQUIPEMENT THERMIQUE,DE DIETRICH PROCESS SYSTEM SAS,"39748,2"
MATÉRIEL MÉCANIQUE,EQUIPEMENT THERMIQUE,ETIREX SA,30870
MATÉRIEL MÉCANIQUE,EQUIPEMENT THERMIQUE,FIVES PILLARD,498
MATÉRIEL MÉCANIQUE,EQUIPEMENT THERMIQUE,FRANCE THERMIQUE,5540
MATÉRIEL MÉCANIQUE,EQUIPEMENT THERMIQUE,JACIR,"84458,72"
MATÉRIEL MÉCANIQUE,EQUIPEMENT THERMIQUE,RINKAL,1070
MATÉRIEL MÉCANIQUE,EQUIPEMENT THERMIQUE,SELAS Warmetechnik GMBH,33000
MATÉRIEL MÉCANIQUE,EQUIPEMENT THERMIQUE,STEIN ENERGIE,"68,58"
MATÉRIEL MÉCANIQUE,FILTRATION,AAF - SA,"15224,2"
MATÉRIEL MÉCANIQUE,FILTRATION,AFETI,7305
MATÉRIEL MÉCANIQUE,FILTRATION,AZ INDUSTRIE,10224
MATÉRIEL MÉCANIQUE,FILTRATION,CAMFIL,"724,1"
MATÉRIEL MÉCANIQUE,FILTRATION,CAPTAIR ET DIMAVENT,3085
MATÉRIEL MÉCANIQUE,FILTRATION,CEFA,1064
MATÉRIEL MÉCANIQUE,FILTRATION,CUNO FILTRATION SAS,"1963,69"
MATÉRIEL MÉCANIQUE,FILTRATION,DE DIETRICH PROCESS SYTEMS SEMUR,9532
MATÉRIEL MÉCANIQUE,FILTRATION,DONALDSON FRANCE SAS,"3678,55"
MATÉRIEL MÉCANIQUE,FILTRATION,DRM DR MULLER AG SWITZERLAND,1454
MATÉRIEL MÉCANIQUE,FILTRATION,EUROPEAN FILTER CORPORATION,"48421,5"
MATÉRIEL MÉCANIQUE,FILTRATION,FAURE EQUIPEMENTS SA,"3122,36"
MATÉRIEL MÉCANIQUE,FILTRATION,FB FILTRATION,"2141,84"
MATÉRIEL MÉCANIQUE,FILTRATION,FILTRATION SERVICES,"13839,7"
MATÉRIEL MÉCANIQUE,FILTRATION,LABOR HAKO,"4484,35"
MATÉRIEL MÉCANIQUE,FILTRATION,MAHLE FILTRATION INDUSTRIELLE,"145503,05"
MATÉRIEL MÉCANIQUE,FILTRATION,MARLAU,"9560,26"
MATÉRIEL MÉCANIQUE,FILTRATION,MILLIPORE,"38353,18"
MATÉRIEL MÉCANIQUE,FILTRATION,MORTELECQUE SA,"7090,96"
MATÉRIEL MÉCANIQUE,FILTRATION,"MUFITEC, S,L,",2388
MATÉRIEL MÉCANIQUE,FILTRATION,PALL FRANCE,"70649,73"
MATÉRIEL MÉCANIQUE,FILTRATION,SEFAR FYLTIS,"33263,04"
MATÉRIEL MÉCANIQUE,FILTRATION,ZARZUELA FILTRACION INDUSTRIAL SL,"2173,2"
MATÉRIEL MÉCANIQUE,GARNISSAGE DE DISTILLATION,KOCH GLITSCH ITALIA SRL,71436
MATÉRIEL MÉCANIQUE,GARNISSAGE DE DISTILLATION,LTM INDUSTRIE,"30494,1"
MATÉRIEL MÉCANIQUE,GARNISSAGE DE DISTILLATION,SULZER CHEMTECH LTD,5820
MATÉRIEL MÉCANIQUE,GARNISSAGE DE DISTILLATION,VEREINIGTE FULLKORPER FABRIKEN,27701
MATÉRIEL MÉCANIQUE,GARNITURES MÉCANIQUES,DIT HOLLAND,3332
MATÉRIEL MÉCANIQUE,GARNITURES MÉCANIQUES,EAGLE BURGMANN FRANCE SAS,"85060,86"
MATÉRIEL MÉCANIQUE,GARNITURES MÉCANIQUES,"GONZALEZ DIAZ PAULA (S,LEGOL)","26553,79"
MATÉRIEL MÉCANIQUE,GARNITURES MÉCANIQUES,GONZALEZ MARTINEZ FRANCISCO JAVIER,"74051,84"
MATÉRIEL MÉCANIQUE,GARNITURES MÉCANIQUES,JOHN CRANE FRANCE,"142913,02"
MATÉRIEL MÉCANIQUE,GARNITURES MÉCANIQUES,JOHN CRANE IBERICA SA,"6963,02"
MATÉRIEL MÉCANIQUE,JOINTS,CHROMEX,"267,5"
MATÉRIEL MÉCANIQUE,JOINTS,EYNARD ROBIN SA,"299592,72"
MATÉRIEL MÉCANIQUE,JOINTS,"GOMEZ GIL SA SUMIN,Y EXCLUS,IND,","1897,29"
MATÉRIEL MÉCANIQUE,JOINTS,JAMES WALKER,"1215,76"
MATÉRIEL MÉCANIQUE,JOINTS,LATTY INTERNATIONAL,3879
MATÉRIEL MÉCANIQUE,JOINTS,MAAGTECHNIC,"9362,19"
MATÉRIEL MÉCANIQUE,JOINTS,MCD CAOUTCHOUC,"164,18"
MATÉRIEL MÉCANIQUE,JOINTS,ONIS SAS,3965
MATÉRIEL MÉCANIQUE,JOINTS,RODATOR-GARCIA DE LA VIÑA SL,427
MATÉRIEL MÉCANIQUE,JOINTS,SIEM SUPRANITE,"67239,1"
MATÉRIEL MÉCANIQUE,JOINTS,SUMINISTROS RODABUR SL,"73,33"
MATÉRIEL MÉCANIQUE,"MACH,SPÉCIALES DE TRANSITISQUE",CINETIC TRANSITIQUE,"18959,8"
MATÉRIEL MÉCANIQUE,"MACH,SPÉCIALES DE TRANSITISQUE",EXPRESSO FRANCE,5081
MATÉRIEL MÉCANIQUE,"MACH,SPÉCIALES DE TRANSITISQUE",GERICKE SA,"5410,25"
MATÉRIEL MÉCANIQUE,"MACH,SPÉCIALES DE TRANSITISQUE",SITI,5004
MATÉRIEL MÉCANIQUE,"MACH,SPÉCIALES DE TRANSITISQUE","TECNOIL, S,L,",1072
MATÉRIEL MÉCANIQUE,MAT PREMIÈRE MÉCANIQUE,CHARRON INOX SAS,"57306,7"
MATÉRIEL MÉCANIQUE,MAT PREMIÈRE MÉCANIQUE,DONCASTERS PARALLOY,"190594,8"
MATÉRIEL MÉCANIQUE,MAT PREMIÈRE MÉCANIQUE,HAYNES INTERNATIONAL,"77330,12"
MATÉRIEL MÉCANIQUE,MAT PREMIÈRE MÉCANIQUE,"KDI LONGOM,","32594,18"
MATÉRIEL MÉCANIQUE,MAT PREMIÈRE MÉCANIQUE,MEISER ELFOR,2659
MATÉRIEL MÉCANIQUE,MAT PREMIÈRE MÉCANIQUE,MERSEN,"18855,19"
MATÉRIEL MÉCANIQUE,MAT PREMIÈRE MÉCANIQUE,THYSSEN KRUPP MATERIALS FRANCE,"4331,66"
MATÉRIEL MÉCANIQUE,MATÉRIAUX,A  C  E,"2412,74"
MATÉRIEL MÉCANIQUE,MATÉRIAUX,AGITEC,3525
MATÉRIEL MÉCANIQUE,MATÉRIAUX,BUHLER,"2152,26"
MATÉRIEL MÉCANIQUE,MATÉRIAUX,"E,J,M,","14601,23"
MATÉRIEL MÉCANIQUE,MATÉRIAUX,FERRI WELD BURGOS SL,"2299,08"
MATÉRIEL MÉCANIQUE,MATÉRIAUX,GERVOIS,473
MATÉRIEL MÉCANIQUE,MATÉRIAUX,JUAN JOSE GIMENEZ IZQUIERDO SL,"320,93"
MATÉRIEL MÉCANIQUE,MATÉRIAUX,LA FONDERIE CHAROLLAISE,"6474,75"
MATÉRIEL MÉCANIQUE,MATÉRIAUX,LECQ FRANCE INDUSTRIE,"209,5"
MATÉRIEL MÉCANIQUE,MATÉRIAUX,MVDG ALPHA RESINES,"24085,68"
MATÉRIEL MÉCANIQUE,MATÉRIAUX,PARI SA,41098
MATÉRIEL MÉCANIQUE,MATÉRIAUX,S M G M,695
MATÉRIEL MÉCANIQUE,MATÉRIAUX,SAVOIE REFRACTAIRES,"12623,78"
MATÉRIEL MÉCANIQUE,MATÉRIAUX,SELEE CORPORATION,"30937,68"
MATÉRIEL MÉCANIQUE,MATÉRIAUX,USINES MERGER SA,10500
MATÉRIEL MÉCANIQUE,MÉCA TRANSMISSION,CETIB,"120739,28"
MATÉRIEL MÉCANIQUE,MÉCA TRANSMISSION,DRESSER RAND,516
MATÉRIEL MÉCANIQUE,MÉCA TRANSMISSION,FESTO EURL,"3130,37"
MATÉRIEL MÉCANIQUE,MÉCA TRANSMISSION,FRANCO PACK,"5980,94"
MATÉRIEL MÉCANIQUE,MÉCA TRANSMISSION,GE MEASUREMENT AND CONTROL FRANCE,"13699,26"
MATÉRIEL MÉCANIQUE,MÉCA TRANSMISSION,GRENOBLE TRANSMISSIONS MECANIQUES,"78,2"
MATÉRIEL MÉCANIQUE,MÉCA TRANSMISSION,GUIFFRAY cie,"41108,41"
MATÉRIEL MÉCANIQUE,MÉCA TRANSMISSION,HANSEN INDUSTRIAL TRANSMISSIONS NV,-154
MATÉRIEL MÉCANIQUE,MÉCA TRANSMISSION,LAURENT,"415,6"
MATÉRIEL MÉCANIQUE,MÉCA TRANSMISSION,LOIRE INDUSTRIE,687
MATÉRIEL MÉCANIQUE,MÉCA TRANSMISSION,MARIN,"3102,52"
MATÉRIEL MÉCANIQUE,MÉCA TRANSMISSION,TRIPETTE & RENAUD,"12573,81"
MATÉRIEL MÉCANIQUE,MÉCA TRANSMISSION,"USOCOME-SEW S,A,","1649,98"
MATÉRIEL MÉCANIQUE,MÉCA TRANSMISSION,UTAH HYDRAULIQUE,"1099,18"
MATÉRIEL MÉCANIQUE,MÉCANIQUE PIÈCES SUR PLAN,AMEP SE,"58874,49"
MATÉRIEL MÉCANIQUE,MÉCANIQUE PIÈCES SUR PLAN,BECK CRESPEL,"47881,22"
MATÉRIEL MÉCANIQUE,MÉCANIQUE PIÈCES SUR PLAN,ETS BARTHAZON,"71291,7"
MATÉRIEL MÉCANIQUE,MÉCANIQUE PIÈCES SUR PLAN,MANIPLASTIC SL,"214,4"
MATÉRIEL MÉCANIQUE,MÉCANIQUE PIÈCES SUR PLAN,MECABUR SL,"8570,8"
MATÉRIEL MÉCANIQUE,MÉCANIQUE PIÈCES SUR PLAN,NYDEGGER  SAS,"700,96"
MATÉRIEL MÉCANIQUE,MÉCANIQUE PIÈCES SUR PLAN,PLEGALASER GIMENEZ SL,"334,76"
MATÉRIEL MÉCANIQUE,MÉCANIQUE PIÈCES SUR PLAN,TALLERES BAIZ SL,441
MATÉRIEL MÉCANIQUE,MÉCANIQUE PIÈCES SUR PLAN,TALLERES MAC SA,174950
MATÉRIEL MÉCANIQUE,Non affecté,MPR INDUSTRIES,"3346,14"
MATÉRIEL MÉCANIQUE,POMPE,A B POMPES,3199
MATÉRIEL MÉCANIQUE,POMPE,ATELCO TECHNOLOGIES,1280
MATÉRIEL MÉCANIQUE,POMPE,ATLAS COMERCIAL INDUSTRIAL SA,"34174,06"
MATÉRIEL MÉCANIQUE,POMPE,AXFLOW SAS,"27064,9"
MATÉRIEL MÉCANIQUE,POMPE,BUSCH FRANCE,"2636,14"
MATÉRIEL MÉCANIQUE,POMPE,CAPERVA QUIMICA SL,"290979,06"
MATÉRIEL MÉCANIQUE,POMPE,CAPRARI,"14953,11"
MATÉRIEL MÉCANIQUE,POMPE,CASALS CARDONA INDUSTRIAL SA,"3213,44"
MATÉRIEL MÉCANIQUE,POMPE,CLEXTRAL/ D K M,"1897,94"
MATÉRIEL MÉCANIQUE,POMPE,CLYDE UNION,"2814,04"
MATÉRIEL MÉCANIQUE,POMPE,COMERCIAL LASMERT SL,"176,52"
MATÉRIEL MÉCANIQUE,POMPE,COREAU SA,"7277,2"
MATÉRIEL MÉCANIQUE,POMPE,CP PUMPEN,13811
MATÉRIEL MÉCANIQUE,POMPE,CP-PUMPEN AG,131534
MATÉRIEL MÉCANIQUE,POMPE,DELTA P SERVICES,"15105,16"
MATÉRIEL MÉCANIQUE,POMPE,"E,J,M, EQUIPEMENT",79471
MATÉRIEL MÉCANIQUE,POMPE,EDWARDS,"104706,21"
MATÉRIEL MÉCANIQUE,POMPE,EMICA BOMBAS SA,5507
MATÉRIEL MÉCANIQUE,POMPE,ENSIVAL MORET FRANCE,"4122,35"
MATÉRIEL MÉCANIQUE,POMPE,ENSIVAL-MORET FRANCE SAS,"12919,5"
MATÉRIEL MÉCANIQUE,POMPE,ERTP  HIBON,"60628,3"
MATÉRIEL MÉCANIQUE,POMPE,FLOWSERVE POMPES,"34714,29"
MATÉRIEL MÉCANIQUE,POMPE,FLOWSERVE PUMPS,10090
MATÉRIEL MÉCANIQUE,POMPE,FLUX FRANCE,14459
MATÉRIEL MÉCANIQUE,POMPE,HERMETIC PUMPEN GMBH,"84130,16"
MATÉRIEL MÉCANIQUE,POMPE,INOXPA,"7604,24"
MATÉRIEL MÉCANIQUE,POMPE,IWAKI FRANCE SA,27800
MATÉRIEL MÉCANIQUE,POMPE,KLAUS UNION,"3770,2"
MATÉRIEL MÉCANIQUE,POMPE,KSB SAS,"690094,24"
MATÉRIEL MÉCANIQUE,POMPE,LVI SYSTEMS,3525
MATÉRIEL MÉCANIQUE,POMPE,MAAG PUMP SYSTEMS,14910
MATÉRIEL MÉCANIQUE,POMPE,MECAFLUX - HERMETIC,"34904,44"
MATÉRIEL MÉCANIQUE,POMPE,MESA,17914
MATÉRIEL MÉCANIQUE,POMPE,MILTON ROY EUROPE,226
MATÉRIEL MÉCANIQUE,POMPE,MOUVEX,"856,68"
MATÉRIEL MÉCANIQUE,POMPE,MPR SUPPRIME - UTILISER 506489,"14026,97"
MATÉRIEL MÉCANIQUE,POMPE,NETZSCH FRERES SARL,"5631,78"
MATÉRIEL MÉCANIQUE,POMPE,OPTIMEX,"86214,8"
MATÉRIEL MÉCANIQUE,POMPE,P C M POMPES,"20785,41"
MATÉRIEL MÉCANIQUE,POMPE,"P,C,B,PLUS POMPES",2983
MATÉRIEL MÉCANIQUE,POMPE,"P,H,A, SARL","1980,8"
MATÉRIEL MÉCANIQUE,POMPE,POMPES GROSCLAUDE,7580
MATÉRIEL MÉCANIQUE,POMPE,POMPES LEWA SAS,"23859,5"
MATÉRIEL MÉCANIQUE,POMPE,PROMINENT FRANCE SA,"570,75"
MATÉRIEL MÉCANIQUE,POMPE,RICHTER CHEMIE TECHNIK GMBH,"4429,42"
MATÉRIEL MÉCANIQUE,POMPE,RUTSCHI POMPES SA,17053
MATÉRIEL MÉCANIQUE,POMPE,SANOR,4767
MATÉRIEL MÉCANIQUE,POMPE,SOMEFLU,1060
MATÉRIEL MÉCANIQUE,POMPE,SPX FLOW TECHNOLOGY,"4109,88"
MATÉRIEL MÉCANIQUE,POMPE,SPX FLOW TECHNOLOGY SWEDEN AB,"115851,5"
MATÉRIEL MÉCANIQUE,POMPE,STERLING SIHI,"87906,38"
MATÉRIEL MÉCANIQUE,POMPE,STERLING SIHI (SPAIN) SA,"6674,84"
MATÉRIEL MÉCANIQUE,POMPE,SULZER PUMPS WASTEWATER,7492
MATÉRIEL MÉCANIQUE,POMPE,WATSON MARLOW SAS,"519,9"
MATÉRIEL MÉCANIQUE,POMPE,XYLEM WATER SOLUTIONS FRANCE SAS,"1724,9"
MATÉRIEL MÉCANIQUE,QUINCAILLERIE / OUTILLAGE,ALONSO MATE CARLOS,4756
MATÉRIEL MÉCANIQUE,QUINCAILLERIE / OUTILLAGE,ALUMINIOS CAMPEADOR SL,3340
MATÉRIEL MÉCANIQUE,QUINCAILLERIE / OUTILLAGE,BERNARD & CIE,"1316,5"
MATÉRIEL MÉCANIQUE,QUINCAILLERIE / OUTILLAGE,BLOCH,"479,73"
MATÉRIEL MÉCANIQUE,QUINCAILLERIE / OUTILLAGE,BOHLER SOUDAGE FRANCE SAS,"8017,45"
MATÉRIEL MÉCANIQUE,QUINCAILLERIE / OUTILLAGE,BRAMMER,"5587,79"
MATÉRIEL MÉCANIQUE,QUINCAILLERIE / OUTILLAGE,CALDIC CENTRE,"2502,86"
MATÉRIEL MÉCANIQUE,QUINCAILLERIE / OUTILLAGE,CAMARA DECIMAVILLA SL,"36894,24"
MATÉRIEL MÉCANIQUE,QUINCAILLERIE / OUTILLAGE,CATHELAIN SA,"1682,56"
MATÉRIEL MÉCANIQUE,QUINCAILLERIE / OUTILLAGE,CHAPELLET BUFAB,"4369,64"
MATÉRIEL MÉCANIQUE,QUINCAILLERIE / OUTILLAGE,CHAUMECA GOHIN,1180
MATÉRIEL MÉCANIQUE,QUINCAILLERIE / OUTILLAGE,CODIMA SUMINISTROS INDUSTRIALES SL,"919,23"
MATÉRIEL MÉCANIQUE,QUINCAILLERIE / OUTILLAGE,CYMAN-CONEXIONES Y MANGUERAS SL,"3499,99"
MATÉRIEL MÉCANIQUE,QUINCAILLERIE / OUTILLAGE,DENIOS,1829
MATÉRIEL MÉCANIQUE,QUINCAILLERIE / OUTILLAGE,DENY,"647,37"
MATÉRIEL MÉCANIQUE,QUINCAILLERIE / OUTILLAGE,DESCOURS ET CABAUD /PROLIANS,"111046,69"
MATÉRIEL MÉCANIQUE,QUINCAILLERIE / OUTILLAGE,ETS FERRANDON JEAN,"10142,43"
MATÉRIEL MÉCANIQUE,QUINCAILLERIE / OUTILLAGE,ETS PELLETIER MICHEL,"130,8"
MATÉRIEL MÉCANIQUE,QUINCAILLERIE / OUTILLAGE,EUREKA,"3544,59"
MATÉRIEL MÉCANIQUE,QUINCAILLERIE / OUTILLAGE,FERRETERIA BURGALESA SL,"239,71"
MATÉRIEL MÉCANIQUE,QUINCAILLERIE / OUTILLAGE,FICA AGENCE RHONE ALPES,"1391,94"
MATÉRIEL MÉCANIQUE,QUINCAILLERIE / OUTILLAGE,FRANKEL INDUSTRIE,"6653,72"
MATÉRIEL MÉCANIQUE,QUINCAILLERIE / OUTILLAGE,FSI,"40590,39"
MATÉRIEL MÉCANIQUE,QUINCAILLERIE / OUTILLAGE,HALECO,"1130,5"
MATÉRIEL MÉCANIQUE,QUINCAILLERIE / OUTILLAGE,"HIJOS J,J,GIMEMEZ IZQUIERDO SL","200,51"
MATÉRIEL MÉCANIQUE,QUINCAILLERIE / OUTILLAGE,IPC,"9453,64"
MATÉRIEL MÉCANIQUE,QUINCAILLERIE / OUTILLAGE,KAISER+KRAFT SA,"1219,2"
MATÉRIEL MÉCANIQUE,QUINCAILLERIE / OUTILLAGE,LA VIBROPERCUSSION,622
MATÉRIEL MÉCANIQUE,QUINCAILLERIE / OUTILLAGE,LIMA SA ADHESIFS,"2135,12"
MATÉRIEL MÉCANIQUE,QUINCAILLERIE / OUTILLAGE,MANUTAN,"58658,86"
MATÉRIEL MÉCANIQUE,QUINCAILLERIE / OUTILLAGE,MARIN INDUSTRIE,"3259,2"
MATÉRIEL MÉCANIQUE,QUINCAILLERIE / OUTILLAGE,ND FAST,"9201,32"
MATÉRIEL MÉCANIQUE,QUINCAILLERIE / OUTILLAGE,PROVOST DISTRIBUTION,1702
MATÉRIEL MÉCANIQUE,QUINCAILLERIE / OUTILLAGE,PUM PLASTIQUES,"80,99"
MATÉRIEL MÉCANIQUE,QUINCAILLERIE / OUTILLAGE,RCI RHONE CHIMIE INDUSTRIE,"19171,25"
MATÉRIEL MÉCANIQUE,QUINCAILLERIE / OUTILLAGE,SAS RICHARD & JF BOURQUI,"1023,55"
MATÉRIEL MÉCANIQUE,QUINCAILLERIE / OUTILLAGE,SERV TRAYVOU INTERVERROUILLAGE,1138
MATÉRIEL MÉCANIQUE,QUINCAILLERIE / OUTILLAGE,SOCIETE INDUSTRIELLE DE DIFFUSION,"2528,49"
MATÉRIEL MÉCANIQUE,QUINCAILLERIE / OUTILLAGE,STAUBLI RACCORD FRANCE,"18178,49"
MATÉRIEL MÉCANIQUE,QUINCAILLERIE / OUTILLAGE,"SUMINISTROS IND,VIPER SA","25379,91"
MATÉRIEL MÉCANIQUE,QUINCAILLERIE / OUTILLAGE,TDI,"3165,01"
MATÉRIEL MÉCANIQUE,QUINCAILLERIE / OUTILLAGE,TUBOS Y HIERROS INDUSTRIALES SA,"1965,32"
MATÉRIEL MÉCANIQUE,QUINCAILLERIE / OUTILLAGE,VALLCAL SL,"235,63"
MATÉRIEL MÉCANIQUE,QUINCAILLERIE / OUTILLAGE,VMI,"1311,97"
MATÉRIEL MÉCANIQUE,ROBINETTERIE,ARMSTRONG SERVICE,26401
MATÉRIEL MÉCANIQUE,ROBINETTERIE,AZ ARMATUREN GMBH,"739,1"
MATÉRIEL MÉCANIQUE,ROBINETTERIE,BAYARD,"354,15"
MATÉRIEL MÉCANIQUE,ROBINETTERIE,BIAR SA,"4385,86"
MATÉRIEL MÉCANIQUE,ROBINETTERIE,BOM ROBINETTERIE INDUSTRIELLE,"100439,2"
MATÉRIEL MÉCANIQUE,ROBINETTERIE,BOM SODECO,"15591,9"
MATÉRIEL MÉCANIQUE,ROBINETTERIE,BVALVE FLOW SYSTEMS&CONTROLS SLU,"9859,66"
MATÉRIEL MÉCANIQUE,ROBINETTERIE,CCI VALVE TECHNOLOGY GMBH,46963
MATÉRIEL MÉCANIQUE,ROBINETTERIE,CCI Valve Technology AB,39000
MATÉRIEL MÉCANIQUE,ROBINETTERIE,DANFOSS SOCLA,"2008,71"
MATÉRIEL MÉCANIQUE,ROBINETTERIE,DESCOTE,2980
MATÉRIEL MÉCANIQUE,ROBINETTERIE,ERIKS,"13890,54"
MATÉRIEL MÉCANIQUE,ROBINETTERIE,"F,C,E",560
MATÉRIEL MÉCANIQUE,ROBINETTERIE,FLOW CONTROL TECHNOLOGIES,396
MATÉRIEL MÉCANIQUE,ROBINETTERIE,GUICHON VALVES SA,46238
MATÉRIEL MÉCANIQUE,ROBINETTERIE,"I,E,S INDUSTRIE EQUIPEMENT","4943,5"
MATÉRIEL MÉCANIQUE,ROBINETTERIE,JEAN MAINGUET,14483
MATÉRIEL MÉCANIQUE,ROBINETTERIE,KSB AMVI SA,"1465,81"
MATÉRIEL MÉCANIQUE,ROBINETTERIE,"LECHLER FRANCE S,A","3243,8"
MATÉRIEL MÉCANIQUE,ROBINETTERIE,LESER,19365
MATÉRIEL MÉCANIQUE,ROBINETTERIE,LYON VANNES ET RACCORDS,"5398,37"
MATÉRIEL MÉCANIQUE,ROBINETTERIE,MASONEILAN SA,"15573,79"
MATÉRIEL MÉCANIQUE,ROBINETTERIE,MRC TRANSMARK,"11967,01"
MATÉRIEL MÉCANIQUE,ROBINETTERIE,PAW SARL,"18777,8"
MATÉRIEL MÉCANIQUE,ROBINETTERIE,PENTAIR VALVES ET CONTROLS,"414154,12"
MATÉRIEL MÉCANIQUE,ROBINETTERIE,PETRAS SAS,836
MATÉRIEL MÉCANIQUE,ROBINETTERIE,ROBIVAL SA,"14617,12"
MATÉRIEL MÉCANIQUE,ROBINETTERIE,SAIDI NORTE,"30330,75"
MATÉRIEL MÉCANIQUE,ROBINETTERIE,SOCVALVES,"177199,6"
MATÉRIEL MÉCANIQUE,ROBINETTERIE,SOLYRO ROBINETTERIE INDUSTRIELLE,"107880,98"
MATÉRIEL MÉCANIQUE,ROBINETTERIE,SPIRAX SARCO SA,"27085,1"
MATÉRIEL MÉCANIQUE,ROBINETTERIE,TECHNOR SNRI SAS,8723
MATÉRIEL MÉCANIQUE,ROBINETTERIE,TLV,"11909,14"
MATÉRIEL MÉCANIQUE,ROBINETTERIE,VANATOME,"112428,1"
MATÉRIEL MÉCANIQUE,ROBINETTERIE,VERDELET  ATN,13465
MATÉRIEL MÉCANIQUE,ROBINETTERIE,WEIR POWER ET INDUSTRIAL FRANCE,"64256,24"
MATÉRIEL MÉCANIQUE,THERMIQUE,SAI ACOUSTIQUE,11000
MATÉRIEL MÉCANIQUE,TURBINES,ELLIOT TURBOMACHINERY LTD,"44477,81"
MATÉRIEL MÉCANIQUE,TURBINES,THERMODYN,"892933,75"
MATÉRIEL MÉCANIQUE,TURBINES,TURBOMACH FRANCE,"315122,74"
MATÉRIEL MÉCANIQUE,TURBINES,TURBOMACH SA,20000
MATÉRIEL MÉCANIQUE,TUYAUTERIE & ACCESSOIRES,BENE INOX,"7604,96"
MATÉRIEL MÉCANIQUE,TUYAUTERIE & ACCESSOIRES,"BLOCH S,A",46825
MATÉRIEL MÉCANIQUE,TUYAUTERIE & ACCESSOIRES,CAOUTCHOUC ET PLASTIQUES LYONNAIS,172
MATÉRIEL MÉCANIQUE,TUYAUTERIE & ACCESSOIRES,"CENTRE TECH, DES CAOUTCHOUC & PLAST","4348,4"
MATÉRIEL MÉCANIQUE,TUYAUTERIE & ACCESSOIRES,DEKOMTE FRANCE SARL,"1339,22"
MATÉRIEL MÉCANIQUE,TUYAUTERIE & ACCESSOIRES,EQUIP'INOX,"17159,49"
MATÉRIEL MÉCANIQUE,TUYAUTERIE & ACCESSOIRES,ETS V I O,798
MATÉRIEL MÉCANIQUE,TUYAUTERIE & ACCESSOIRES,FERLAM COMPENSATEURS,4780
MATÉRIEL MÉCANIQUE,TUYAUTERIE & ACCESSOIRES,GALLET,"317,8"
MATÉRIEL MÉCANIQUE,TUYAUTERIE & ACCESSOIRES,GLYNWED SA,"25878,06"
MATÉRIEL MÉCANIQUE,TUYAUTERIE & ACCESSOIRES,HTI SERVICES,"3765,18"
MATÉRIEL MÉCANIQUE,TUYAUTERIE & ACCESSOIRES,ICARUS,"43361,85"
MATÉRIEL MÉCANIQUE,TUYAUTERIE & ACCESSOIRES,KDI /CSP,"262036,79"
MATÉRIEL MÉCANIQUE,TUYAUTERIE & ACCESSOIRES,KEMPCHEN & COMDI-FLEX SA,"10573,6"
MATÉRIEL MÉCANIQUE,TUYAUTERIE & ACCESSOIRES,LISEGA,"37332,6"
MATÉRIEL MÉCANIQUE,TUYAUTERIE & ACCESSOIRES,LOIRE INDUSTRIE,"1421,8"
MATÉRIEL MÉCANIQUE,TUYAUTERIE & ACCESSOIRES,LUMOX,3369
MATÉRIEL MÉCANIQUE,TUYAUTERIE & ACCESSOIRES,MERSEN IBERICA SA,"22552,26"
MATÉRIEL MÉCANIQUE,TUYAUTERIE & ACCESSOIRES,NEBURSA SC,"369,36"
MATÉRIEL MÉCANIQUE,TUYAUTERIE & ACCESSOIRES,PRESTITUBE,"490,65"
MATÉRIEL MÉCANIQUE,TUYAUTERIE & ACCESSOIRES,PROTEC THE CAP COMPANY SARL,"455,08"
MATÉRIEL MÉCANIQUE,TUYAUTERIE & ACCESSOIRES,"S,E,M,A,",2171
MATÉRIEL MÉCANIQUE,TUYAUTERIE & ACCESSOIRES,SCHILLING,"51326,2"
MATÉRIEL MÉCANIQUE,TUYAUTERIE & ACCESSOIRES,SEMA,110
MATÉRIEL MÉCANIQUE,TUYAUTERIE & ACCESSOIRES,SPIRAGAINE,"151,3"
MATÉRIEL MÉCANIQUE,TUYAUTERIE & ACCESSOIRES,SUMINISTROS INDUSTRIALES INDUTEC,"44819,58"
MATÉRIEL MÉCANIQUE,TUYAUTERIE & ACCESSOIRES,TCEM SAS,"905,4"
MATÉRIEL MÉCANIQUE,TUYAUTERIE & ACCESSOIRES,TRANSFLEX,"557,56"
MATÉRIEL MÉCANIQUE,TUYAUTERIE & ACCESSOIRES,XOMOX,"176370,94"
MATÉRIEL MÉCANIQUE,VENTILATEUR,FEVI International,26040
MATÉRIEL MÉCANIQUE,VENTILATEUR,FLAKT SOLYVENT SL,4805
MATÉRIEL MÉCANIQUE,VENTILATEUR,FLAKT SOLYVENT VENTEC,1500
MATÉRIEL MÉCANIQUE,VENTILATEUR,HOWDEN FRANCE,76400
MATÉRIEL MÉCANIQUE,VENTILATEUR,VENTMECA,1681
MOYENS MATÉRIELS,EPI,AIR PUR INDUSTRIES,"3717,54"
MOYENS MATÉRIELS,EPI,AMARO,"11103,07"
MOYENS MATÉRIELS,EPI,AXEL DISTRIBUTION,"24038,57"
MOYENS MATÉRIELS,EPI,CONFECCIONES ESTE SL,"6572,17"
MOYENS MATÉRIELS,EPI,DELAHAYE INDUSTRIE,"783,21"
MOYENS MATÉRIELS,EPI,DESAUTEL,"3785,43"
MOYENS MATÉRIELS,EPI,DRAGER SAFETY HISPANIA SA,"17258,98"
MOYENS MATÉRIELS,EPI,DUMONT SECURITE,"6397,27"
MOYENS MATÉRIELS,EPI,ELECTRONICA VILLBAR SA,"7231,56"
MOYENS MATÉRIELS,EPI,ETS ESPUNA,"2490,73"
MOYENS MATÉRIELS,EPI,GENERAL OPTICA SA,"1409,99"
MOYENS MATÉRIELS,EPI,GERIN SA,"8229,8"
MOYENS MATÉRIELS,EPI,GROUPE GERIN,"167359,81"
MOYENS MATÉRIELS,EPI,HELIOS DICA SL,"257,3"
MOYENS MATÉRIELS,EPI,HONEYWELL SAFETY PRODUCTS,4822
MOYENS MATÉRIELS,EPI,INTERSAFE,"5449,05"
MOYENS MATÉRIELS,EPI,KABA,780
MOYENS MATÉRIELS,EPI,LEADER,"1377,13"
MOYENS MATÉRIELS,EPI,LES OPTICIENS MUTUALISTES,"2690,91"
MOYENS MATÉRIELS,EPI,MATISEC,"22997,35"
MOYENS MATÉRIELS,EPI,MATPRELAB SL,"1078,8"
MOYENS MATÉRIELS,EPI,NORD'WAYS,"-195,8"
MOYENS MATÉRIELS,EPI,SAFETY SYSTEMS ET SERVICES,4260
MOYENS MATÉRIELS,EPI,SECURIGAZ,"14799,55"
MOYENS MATÉRIELS,EPI,SUPPRIME MEDIC CENTRE EQUIPEMENT,"4617,82"
MOYENS MATÉRIELS,EPI,TEES,"7357,73"
MOYENS MATÉRIELS,EPI,VTN SA,"5552,7"
MOYENS MATÉRIELS,LOCATION DE MATÉRIEL,ALGECO,"8530,26"
MOYENS MATÉRIELS,LOCATION DE MATÉRIEL,BATILOC,"71109,71"
MOYENS MATÉRIELS,LOCATION DE MATÉRIEL,BROD'SPORT  LA BOITE A RIDEAUX,"2778,2"
MOYENS MATÉRIELS,LOCATION DE MATÉRIEL,CARRETILLAS MAYOR SA,"27275,75"
MOYENS MATÉRIELS,LOCATION DE MATÉRIEL,CARRIESCOPIC,5484
MOYENS MATÉRIELS,LOCATION DE MATÉRIEL,CENTRE MOTEUR ENERGIE,4475
MOYENS MATÉRIELS,LOCATION DE MATÉRIEL,DELTA SERVICE LOCATION,"20222,24"
MOYENS MATÉRIELS,LOCATION DE MATÉRIEL,ESPACE STEVENANT,"1158,49"
MOYENS MATÉRIELS,LOCATION DE MATÉRIEL,FENWICK LEASE,6400
MOYENS MATÉRIELS,LOCATION DE MATÉRIEL,FENWICK-LINDE,"1753,04"
MOYENS MATÉRIELS,LOCATION DE MATÉRIEL,GAM DIVISIONES ESPECIALIZADAS SLU,"1563,22"
MOYENS MATÉRIELS,LOCATION DE MATÉRIEL,HERRERO TEMIÑO SA,"120,7"
MOYENS MATÉRIELS,LOCATION DE MATÉRIEL,JUNGHEINRICH,"89863,09"
MOYENS MATÉRIELS,LOCATION DE MATÉRIEL,JUNGHEINRICH FINANCIAL SERVICES,"55910,76"
MOYENS MATÉRIELS,LOCATION DE MATÉRIEL,LE MATERIEL MODERNE SARL,"11804,13"
MOYENS MATÉRIELS,LOCATION DE MATÉRIEL,LOCABRI,9911
MOYENS MATÉRIELS,LOCATION DE MATÉRIEL,MANULOC AMONITE SUD EST,"123512,67"
MOYENS MATÉRIELS,LOCATION DE MATÉRIEL,MANUTENTION SERVICE,"51642,66"
MOYENS MATÉRIELS,LOCATION DE MATÉRIEL,POLYGON,8960
MOYENS MATÉRIELS,LOCATION DE MATÉRIEL,RLD,"73262,71"
MOYENS MATÉRIELS,LOCATION DE MATÉRIEL,TENILLOC,7415
MOYENS MATÉRIELS,LOCATION DE MATÉRIEL,TOLDOS CARLOS SL,"1391,92"
MOYENS MATÉRIELS,LOCATION DE MATÉRIEL,YVES COUGNAUD SA,22500
MOYENS MATÉRIELS,LUBRIFIANTS,CONDAT,"1584,66"
MOYENS MATÉRIELS,LUBRIFIANTS,INDUSTRIAS QUIMICAS SATECMA SA,"155,4"
MOYENS MATÉRIELS,LUBRIFIANTS,KEPLER INGENIERIA Y ECOGESTION SL,"12337,23"
MOYENS MATÉRIELS,LUBRIFIANTS,LUBRYPESA GESTION SL,"5385,8"
MOYENS MATÉRIELS,LUBRIFIANTS,OPTIMOL FRANCE,"58749,88"
MOYENS MATÉRIELS,LUBRIFIANTS,ORAPI EUROPE,"3903,46"
MOYENS MATÉRIELS,LUBRIFIANTS,OTS OIL TECHNOLOGIES SERVICES,"515,84"
MOYENS MATÉRIELS,LUBRIFIANTS,SOCIETE DES PETROLES SHELL,"14587,41"
MOYENS MATÉRIELS,LUBRIFIANTS,TOTAL LUBRIFIANTS,"23021,24"
MOYENS MATÉRIELS,LUBRIFIANTS,TTA TECHNIQUES TECHNOLOGIES,"26414,36"
MOYENS MATÉRIELS,SIGNALÉTIQUE,ADC SIGNALISATION,"4091,55"
MOYENS MATÉRIELS,SIGNALÉTIQUE,AE&T,"19302,5"
MOYENS MATÉRIELS,SIGNALÉTIQUE,Atelier BABUT,"145,02"
MOYENS MATÉRIELS,SIGNALÉTIQUE,"M,I,C SIGNALOC",1360
MOYENS MATÉRIELS,SIGNALÉTIQUE,RUF POSEUR D'EMPREINTES,29106
MOYENS MATÉRIELS,SIGNALÉTIQUE,SARL GTS,"387,8"
MOYENS MATÉRIELS,SIGNALÉTIQUE,SIGNALS,"6694,91"
MOYENS MATÉRIELS,SIGNALÉTIQUE,SIRAC SIGNALISATION,"576,97"
Non affecté,BÂTIMENT / SECOND OEUVRE,DIC,"16753,16"
Non affecté,BÂTIMENT / SECOND OEUVRE,MSM MANCINI SERRURERIE METALLERIE,3597
Non affecté,Non affecté,"C,TECN,VEHICULO AUTOPROPULSADO SL","4146,4"
Non affecté,Non affecté,DIOXLAB,745
PRESTATIONS INDUSTRIELLES,BÂTIMENT / SECOND OEUVRE,NBTP,"17730,92"
PRESTATIONS INDUSTRIELLES,Non affecté,EPCO MEDITERRANEE,10500
PRESTATIONS INDUSTRIELLES,PLOMBERIE,LOPEZ PLOMBERIE ELECTRICITE,"45548,94"
PRESTATIONS INDUSTRIELLES,TUYAUTERIE - CHAUDONNERIE,SOVAP,1800